location;Code;Year;Executions;Meningitis;Alzheimer;Parkinson;Nutritional_deficiencies;Malaria;Drowning;Interpersonal_violence;Maternal_disorders;HIV/AIDS;Drug_use_disorders;Tuberculosis;Cardiovascular_diseases;Lower_respiratory_infections;Neonatal_disorders;Alcohol_use_disorders;Self-harm;Exposure_to_forces_of_nature;Diarrheal;Environmental_heat_and_cold_exposure;Neoplasms;Conflict_and_terrorism;Diabetes_mellitus;Chronic_kidney;Poisonings;Protein-energy_malnutrition;Terrorism;Road_injuries;Chronic_respiratory;Cirrhosis_and_other_chronic liver;Digestive;Fire_heat_and_hot_substances;Acute_hepatitis;covid_death
Angola;;2020;;;;;;;;;;;;;;;;;;;;;;;;;;;;;;;;;;408.0
Africa;;2020;;;;;;;;;;;;;;;;;;;;;;;;;;;;;;;;;;65507.0
Africa;;2021;;;;;;;;;;;;;;;;;;;;;;;;;;;;;;;;;;163031.0
Albania;;2020;;;;;;;;;;;;;;;;;;;;;;;;;;;;;;;;;;1181.0
Australia;;2020;;;;;;;;;;;;;;;;;;;;;;;;;;;;;;;;;;910.0
Austria;;2021;;;;;;;;;;;;;;;;;;;;;;;;;;;;;;;;;;9329.0
Angola;;2021;;;;;;;;;;;;;;;;;;;;;;;;;;;;;;;;;;1365.0
Asia;;2021;;;;;;;;;;;;;;;;;;;;;;;;;;;;;;;;;;914735.0
Albania;;2021;;;;;;;;;;;;;;;;;;;;;;;;;;;;;;;;;;2036.0
Australia;;2021;;;;;;;;;;;;;;;;;;;;;;;;;;;;;;;;;;1346.0
Angola;;2022;;;;;;;;;;;;;;;;;;;;;;;;;;;;;;;;;;130.0
Azerbaijan;;2020;;;;;;;;;;;;;;;;;;;;;;;;;;;;;;;;;;2641.0
Armenia;;2020;;;;;;;;;;;;;;;;;;;;;;;;;;;;;;;;;;2823.0
Aruba;;2021;;;;;;;;;;;;;;;;;;;;;;;;;;;;;;;;;;132.0
Argentina;;2021;;;;;;;;;;;;;;;;;;;;;;;;;;;;;;;;;;73924.0
Armenia;;2021;;;;;;;;;;;;;;;;;;;;;;;;;;;;;;;;;;5151.0
Afghanistan;;2021;;;;;;;;;;;;;;;;;;;;;;;;;;;;;;;;;;5167.0
Argentina;;2022;;;;;;;;;;;;;;;;;;;;;;;;;;;;;;;;;;11901.0
Armenia;;2022;;;;;;;;;;;;;;;;;;;;;;;;;;;;;;;;;;657.0
Anguilla;;2022;;;;;;;;;;;;;;;;;;;;;;;;;;;;;;;;;;4.0
Azerbaijan;;2021;;;;;;;;;;;;;;;;;;;;;;;;;;;;;;;;;;5717.0
Azerbaijan;;2022;;;;;;;;;;;;;;;;;;;;;;;;;;;;;;;;;;1359.0
Aruba;;2022;;;;;;;;;;;;;;;;;;;;;;;;;;;;;;;;;;99.0
Bangladesh;;2020;;;;;;;;;;;;;;;;;;;;;;;;;;;;;;;;;;7559.0
Afghanistan;;2020;;;;;;;;;;;;;;;;;;;;;;;;;;;;;;;;;;2189.0
Bahrain;;2020;;;;;;;;;;;;;;;;;;;;;;;;;;;;;;;;;;352.0
Africa;;2022;;;;;;;;;;;;;;;;;;;;;;;;;;;;;;;;;;26359.0
Antigua and Barbuda;;2021;;;;;;;;;;;;;;;;;;;;;;;;;;;;;;;;;;114.0
Andorra;;2020;;;;;;;;;;;;;;;;;;;;;;;;;;;;;;;;;;84.0
Anguilla;;2020;;;;;;;;;;;;;;;;;;;;;;;;;;;;;;;;;;
Austria;;2020;;;;;;;;;;;;;;;;;;;;;;;;;;;;;;;;;;7486.0
Aruba;;2020;;;;;;;;;;;;;;;;;;;;;;;;;;;;;;;;;;50.0
Bahamas;;2021;;;;;;;;;;;;;;;;;;;;;;;;;;;;;;;;;;547.0
Asia;;2020;;;;;;;;;;;;;;;;;;;;;;;;;;;;;;;;;;336992.0
Austria;;2022;;;;;;;;;;;;;;;;;;;;;;;;;;;;;;;;;;3210.0
Andorra;;2022;;;;;;;;;;;;;;;;;;;;;;;;;;;;;;;;;;15.0
Algeria;;2022;;;;;;;;;;;;;;;;;;;;;;;;;;;;;;;;;;599.0
Antigua and Barbuda;;2022;;;;;;;;;;;;;;;;;;;;;;;;;;;;;;;;;;22.0
Asia;;2022;;;;;;;;;;;;;;;;;;;;;;;;;;;;;;;;;;184889.0
Bahamas;;2020;;;;;;;;;;;;;;;;;;;;;;;;;;;;;;;;;;170.0
Anguilla;;2021;;;;;;;;;;;;;;;;;;;;;;;;;;;;;;;;;;6.0
Australia;;2022;;;;;;;;;;;;;;;;;;;;;;;;;;;;;;;;;;7767.0
Algeria;;2021;;;;;;;;;;;;;;;;;;;;;;;;;;;;;;;;;;3520.0
Antigua and Barbuda;;2020;;;;;;;;;;;;;;;;;;;;;;;;;;;;;;;;;;5.0
Afghanistan;;2022;;;;;;;;;;;;;;;;;;;;;;;;;;;;;;;;;;367.0
Bahrain;;2021;;;;;;;;;;;;;;;;;;;;;;;;;;;;;;;;;;1042.0
Argentina;;2020;;;;;;;;;;;;;;;;;;;;;;;;;;;;;;;;;;43245.0
Andorra;;2021;;;;;;;;;;;;;;;;;;;;;;;;;;;;;;;;;;56.0
Bahrain;;2022;;;;;;;;;;;;;;;;;;;;;;;;;;;;;;;;;;100.0
Bahamas;;2022;;;;;;;;;;;;;;;;;;;;;;;;;;;;;;;;;;101.0
Algeria;;2020;;;;;;;;;;;;;;;;;;;;;;;;;;;;;;;;;;2756.0
Albania;;2022;;;;;;;;;;;;;;;;;;;;;;;;;;;;;;;;;;284.0
Barbados;;2020;;;;;;;;;;;;;;;;;;;;;;;;;;;;;;;;;;7.0
Benin;;2020;;;;;;;;;;;;;;;;;;;;;;;;;;;;;;;;;;44.0
Brunei;;2021;;;;;;;;;;;;;;;;;;;;;;;;;;;;;;;;;;95.0
Bangladesh;;2022;;;;;;;;;;;;;;;;;;;;;;;;;;;;;;;;;;1088.0
Bosnia and Herzegovina;;2020;;;;;;;;;;;;;;;;;;;;;;;;;;;;;;;;;;4061.0
Bosnia and Herzegovina;;2021;;;;;;;;;;;;;;;;;;;;;;;;;;;;;;;;;;9403.0
British Virgin Islands;;2021;;;;;;;;;;;;;;;;;;;;;;;;;;;;;;;;;;38.0
Botswana;;2020;;;;;;;;;;;;;;;;;;;;;;;;;;;;;;;;;;42.0
Bolivia;;2022;;;;;;;;;;;;;;;;;;;;;;;;;;;;;;;;;;2275.0
Botswana;;2021;;;;;;;;;;;;;;;;;;;;;;;;;;;;;;;;;;2402.0
Brunei;;2020;;;;;;;;;;;;;;;;;;;;;;;;;;;;;;;;;;3.0
Bolivia;;2021;;;;;;;;;;;;;;;;;;;;;;;;;;;;;;;;;;10515.0
Botswana;;2022;;;;;;;;;;;;;;;;;;;;;;;;;;;;;;;;;;306.0
Belgium;;2021;;;;;;;;;;;;;;;;;;;;;;;;;;;;;;;;;;8803.0
Burundi;;2021;;;;;;;;;;;;;;;;;;;;;;;;;;;;;;;;;;36.0
Bermuda;;2020;;;;;;;;;;;;;;;;;;;;;;;;;;;;;;;;;;10.0
Belize;;2022;;;;;;;;;;;;;;;;;;;;;;;;;;;;;;;;;;78.0
Belize;;2021;;;;;;;;;;;;;;;;;;;;;;;;;;;;;;;;;;358.0
Bhutan;;2021;;;;;;;;;;;;;;;;;;;;;;;;;;;;;;;;;;3.0
Burkina Faso;;2022;;;;;;;;;;;;;;;;;;;;;;;;;;;;;;;;;;69.0
Brazil;;2022;;;;;;;;;;;;;;;;;;;;;;;;;;;;;;;;;;52607.0
Bulgaria;;2022;;;;;;;;;;;;;;;;;;;;;;;;;;;;;;;;;;6302.0
Burkina Faso;;2021;;;;;;;;;;;;;;;;;;;;;;;;;;;;;;;;;;233.0
Bolivia;;2020;;;;;;;;;;;;;;;;;;;;;;;;;;;;;;;;;;9165.0
Bulgaria;;2021;;;;;;;;;;;;;;;;;;;;;;;;;;;;;;;;;;23379.0
Burkina Faso;;2020;;;;;;;;;;;;;;;;;;;;;;;;;;;;;;;;;;85.0
Bosnia and Herzegovina;;2022;;;;;;;;;;;;;;;;;;;;;;;;;;;;;;;;;;2364.0
Brazil;;2021;;;;;;;;;;;;;;;;;;;;;;;;;;;;;;;;;;424262.0
Bangladesh;;2021;;;;;;;;;;;;;;;;;;;;;;;;;;;;;;;;;;20513.0
Bhutan;;2022;;;;;;;;;;;;;;;;;;;;;;;;;;;;;;;;;;18.0
Brazil;;2020;;;;;;;;;;;;;;;;;;;;;;;;;;;;;;;;;;195072.0
Belgium;;2020;;;;;;;;;;;;;;;;;;;;;;;;;;;;;;;;;;19645.0
Belarus;;2022;;;;;;;;;;;;;;;;;;;;;;;;;;;;;;;;;;1400.0
Bermuda;;2021;;;;;;;;;;;;;;;;;;;;;;;;;;;;;;;;;;100.0
Bermuda;;2022;;;;;;;;;;;;;;;;;;;;;;;;;;;;;;;;;;30.0
Bonaire Sint Eustatius and Saba;;2020;;;;;;;;;;;;;;;;;;;;;;;;;;;;;;;;;;3.0
Barbados;;2021;;;;;;;;;;;;;;;;;;;;;;;;;;;;;;;;;;253.0
Belize;;2020;;;;;;;;;;;;;;;;;;;;;;;;;;;;;;;;;;248.0
Benin;;2021;;;;;;;;;;;;;;;;;;;;;;;;;;;;;;;;;;117.0
Bhutan;;2020;;;;;;;;;;;;;;;;;;;;;;;;;;;;;;;;;;
Burundi;;2020;;;;;;;;;;;;;;;;;;;;;;;;;;;;;;;;;;2.0
Belarus;;2020;;;;;;;;;;;;;;;;;;;;;;;;;;;;;;;;;;1424.0
Brunei;;2022;;;;;;;;;;;;;;;;;;;;;;;;;;;;;;;;;;127.0
Bonaire Sint Eustatius and Saba;;2022;;;;;;;;;;;;;;;;;;;;;;;;;;;;;;;;;;14.0
Belarus;;2021;;;;;;;;;;;;;;;;;;;;;;;;;;;;;;;;;;4154.0
Bonaire Sint Eustatius and Saba;;2021;;;;;;;;;;;;;;;;;;;;;;;;;;;;;;;;;;22.0
British Virgin Islands;;2022;;;;;;;;;;;;;;;;;;;;;;;;;;;;;;;;;;24.0
Belgium;;2022;;;;;;;;;;;;;;;;;;;;;;;;;;;;;;;;;;3587.0
Bulgaria;;2020;;;;;;;;;;;;;;;;;;;;;;;;;;;;;;;;;;7576.0
Barbados;;2022;;;;;;;;;;;;;;;;;;;;;;;;;;;;;;;;;;217.0
British Virgin Islands;;2020;;;;;;;;;;;;;;;;;;;;;;;;;;;;;;;;;;1.0
Benin;;2022;;;;;;;;;;;;;;;;;;;;;;;;;;;;;;;;;;2.0
Chad;;2020;;;;;;;;;;;;;;;;;;;;;;;;;;;;;;;;;;104.0
Cameroon;;2022;;;;;;;;;;;;;;;;;;;;;;;;;;;;;;;;;;80.0
Croatia;;2020;;;;;;;;;;;;;;;;;;;;;;;;;;;;;;;;;;3920.0
Comoros;;2021;;;;;;;;;;;;;;;;;;;;;;;;;;;;;;;;;;147.0
Comoros;;2022;;;;;;;;;;;;;;;;;;;;;;;;;;;;;;;;;;5.0
Chad;;2022;;;;;;;;;;;;;;;;;;;;;;;;;;;;;;;;;;12.0
Cote d'Ivoire;;2020;;;;;;;;;;;;;;;;;;;;;;;;;;;;;;;;;;137.0
Croatia;;2021;;;;;;;;;;;;;;;;;;;;;;;;;;;;;;;;;;8618.0
Canada;;2022;;;;;;;;;;;;;;;;;;;;;;;;;;;;;;;;;;11737.0
Cambodia;;2022;;;;;;;;;;;;;;;;;;;;;;;;;;;;;;;;;;44.0
Cuba;;2022;;;;;;;;;;;;;;;;;;;;;;;;;;;;;;;;;;207.0
Cambodia;;2021;;;;;;;;;;;;;;;;;;;;;;;;;;;;;;;;;;3012.0
Chile;;2020;;;;;;;;;;;;;;;;;;;;;;;;;;;;;;;;;;15551.0
Cuba;;2021;;;;;;;;;;;;;;;;;;;;;;;;;;;;;;;;;;8176.0
Cayman Islands;;2022;;;;;;;;;;;;;;;;;;;;;;;;;;;;;;;;;;19.0
China;;2021;;;;;;;;;;;;;;;;;;;;;;;;;;;;;;;;;;5.0
Cuba;;2020;;;;;;;;;;;;;;;;;;;;;;;;;;;;;;;;;;147.0
Congo;;2020;;;;;;;;;;;;;;;;;;;;;;;;;;;;;;;;;;139.0
China;;2020;;;;;;;;;;;;;;;;;;;;;;;;;;;;;;;;;;3327.0
Cameroon;;2021;;;;;;;;;;;;;;;;;;;;;;;;;;;;;;;;;;1403.0
Central African Republic;;2021;;;;;;;;;;;;;;;;;;;;;;;;;;;;;;;;;;38.0
Colombia;;2020;;;;;;;;;;;;;;;;;;;;;;;;;;;;;;;;;;43213.0
Curacao;;2020;;;;;;;;;;;;;;;;;;;;;;;;;;;;;;;;;;14.0
Central African Republic;;2020;;;;;;;;;;;;;;;;;;;;;;;;;;;;;;;;;;63.0
Costa Rica;;2022;;;;;;;;;;;;;;;;;;;;;;;;;;;;;;;;;;1172.0
Burundi;;2022;;;;;;;;;;;;;;;;;;;;;;;;;;;;;;;;;;0.0
Colombia;;2022;;;;;;;;;;;;;;;;;;;;;;;;;;;;;;;;;;10128.0
Congo;;2022;;;;;;;;;;;;;;;;;;;;;;;;;;;;;;;;;;18.0
Chile;;2021;;;;;;;;;;;;;;;;;;;;;;;;;;;;;;;;;;22720.0
Cape Verde;;2020;;;;;;;;;;;;;;;;;;;;;;;;;;;;;;;;;;113.0
Comoros;;2020;;;;;;;;;;;;;;;;;;;;;;;;;;;;;;;;;;10.0
Cameroon;;2020;;;;;;;;;;;;;;;;;;;;;;;;;;;;;;;;;;448.0
Cote d'Ivoire;;2021;;;;;;;;;;;;;;;;;;;;;;;;;;;;;;;;;;577.0
Cayman Islands;;2020;;;;;;;;;;;;;;;;;;;;;;;;;;;;;;;;;;2.0
China;;2022;;;;;;;;;;;;;;;;;;;;;;;;;;;;;;;;;;592.0
Chad;;2021;;;;;;;;;;;;;;;;;;;;;;;;;;;;;;;;;;77.0
Colombia;;2021;;;;;;;;;;;;;;;;;;;;;;;;;;;;;;;;;;86729.0
Costa Rica;;2020;;;;;;;;;;;;;;;;;;;;;;;;;;;;;;;;;;2185.0
Cape Verde;;2022;;;;;;;;;;;;;;;;;;;;;;;;;;;;;;;;;;53.0
Cayman Islands;;2021;;;;;;;;;;;;;;;;;;;;;;;;;;;;;;;;;;9.0
Costa Rica;;2021;;;;;;;;;;;;;;;;;;;;;;;;;;;;;;;;;;5168.0
Cook Islands;;2021;;;;;;;;;;;;;;;;;;;;;;;;;;;;;;;;;;
Canada;;2020;;;;;;;;;;;;;;;;;;;;;;;;;;;;;;;;;;16685.0
Croatia;;2022;;;;;;;;;;;;;;;;;;;;;;;;;;;;;;;;;;3535.0
Canada;;2021;;;;;;;;;;;;;;;;;;;;;;;;;;;;;;;;;;13885.0
Chile;;2022;;;;;;;;;;;;;;;;;;;;;;;;;;;;;;;;;;8001.0
Cape Verde;;2021;;;;;;;;;;;;;;;;;;;;;;;;;;;;;;;;;;240.0
Cambodia;;2020;;;;;;;;;;;;;;;;;;;;;;;;;;;;;;;;;;
Central African Republic;;2022;;;;;;;;;;;;;;;;;;;;;;;;;;;;;;;;;;12.0
Congo;;2021;;;;;;;;;;;;;;;;;;;;;;;;;;;;;;;;;;259.0
Cook Islands;;2022;;;;;;;;;;;;;;;;;;;;;;;;;;;;;;;;;;1.0
Cote d'Ivoire;;2022;;;;;;;;;;;;;;;;;;;;;;;;;;;;;;;;;;91.0
Democratic Republic of Congo;;2021;;;;;;;;;;;;;;;;;;;;;;;;;;;;;;;;;;614.0
Curacao;;2021;;;;;;;;;;;;;;;;;;;;;;;;;;;;;;;;;;175.0
Cyprus;;2022;;;;;;;;;;;;;;;;;;;;;;;;;;;;;;;;;;437.0
Democratic Republic of Congo;;2022;;;;;;;;;;;;;;;;;;;;;;;;;;;;;;;;;;170.0
Czechia;;2021;;;;;;;;;;;;;;;;;;;;;;;;;;;;;;;;;;24565.0
Djibouti;;2020;;;;;;;;;;;;;;;;;;;;;;;;;;;;;;;;;;61.0
Egypt;;2020;;;;;;;;;;;;;;;;;;;;;;;;;;;;;;;;;;7631.0
Dominican Republic;;2022;;;;;;;;;;;;;;;;;;;;;;;;;;;;;;;;;;136.0
Dominican Republic;;2021;;;;;;;;;;;;;;;;;;;;;;;;;;;;;;;;;;1833.0
Denmark;;2022;;;;;;;;;;;;;;;;;;;;;;;;;;;;;;;;;;3204.0
Curacao;;2022;;;;;;;;;;;;;;;;;;;;;;;;;;;;;;;;;;89.0
Dominica;;2020;;;;;;;;;;;;;;;;;;;;;;;;;;;;;;;;;;
Estonia;;2022;;;;;;;;;;;;;;;;;;;;;;;;;;;;;;;;;;662.0
Ethiopia;;2020;;;;;;;;;;;;;;;;;;;;;;;;;;;;;;;;;;1923.0
Czechia;;2020;;;;;;;;;;;;;;;;;;;;;;;;;;;;;;;;;;11594.0
Eritrea;;2020;;;;;;;;;;;;;;;;;;;;;;;;;;;;;;;;;;3.0
Cyprus;;2021;;;;;;;;;;;;;;;;;;;;;;;;;;;;;;;;;;518.0
Ecuador;;2020;;;;;;;;;;;;;;;;;;;;;;;;;;;;;;;;;;10182.0
Eritrea;;2021;;;;;;;;;;;;;;;;;;;;;;;;;;;;;;;;;;73.0
Democratic Republic of Congo;;2020;;;;;;;;;;;;;;;;;;;;;;;;;;;;;;;;;;591.0
Dominica;;2021;;;;;;;;;;;;;;;;;;;;;;;;;;;;;;;;;;47.0
Europe;;2020;;;;;;;;;;;;;;;;;;;;;;;;;;;;;;;;;;547720.0
Egypt;;2021;;;;;;;;;;;;;;;;;;;;;;;;;;;;;;;;;;14121.0
El Salvador;;2020;;;;;;;;;;;;;;;;;;;;;;;;;;;;;;;;;;1327.0
Denmark;;2021;;;;;;;;;;;;;;;;;;;;;;;;;;;;;;;;;;1909.0
Estonia;;2021;;;;;;;;;;;;;;;;;;;;;;;;;;;;;;;;;;1703.0
Egypt;;2022;;;;;;;;;;;;;;;;;;;;;;;;;;;;;;;;;;2971.0
Eswatini;;2022;;;;;;;;;;;;;;;;;;;;;;;;;;;;;;;;;;113.0
Eritrea;;2022;;;;;;;;;;;;;;;;;;;;;;;;;;;;;;;;;;27.0
Djibouti;;2021;;;;;;;;;;;;;;;;;;;;;;;;;;;;;;;;;;128.0
Dominican Republic;;2020;;;;;;;;;;;;;;;;;;;;;;;;;;;;;;;;;;2414.0
El Salvador;;2022;;;;;;;;;;;;;;;;;;;;;;;;;;;;;;;;;;322.0
Denmark;;2020;;;;;;;;;;;;;;;;;;;;;;;;;;;;;;;;;;1304.0
Ecuador;;2021;;;;;;;;;;;;;;;;;;;;;;;;;;;;;;;;;;10861.0
El Salvador;;2021;;;;;;;;;;;;;;;;;;;;;;;;;;;;;;;;;;2497.0
Europe;;2021;;;;;;;;;;;;;;;;;;;;;;;;;;;;;;;;;;986967.0
Czechia;;2022;;;;;;;;;;;;;;;;;;;;;;;;;;;;;;;;;;4192.0
Equatorial Guinea;;2021;;;;;;;;;;;;;;;;;;;;;;;;;;;;;;;;;;89.0
Cyprus;;2020;;;;;;;;;;;;;;;;;;;;;;;;;;;;;;;;;;120.0
Dominica;;2022;;;;;;;;;;;;;;;;;;;;;;;;;;;;;;;;;;21.0
Ecuador;;2022;;;;;;;;;;;;;;;;;;;;;;;;;;;;;;;;;;2044.0
Eswatini;;2021;;;;;;;;;;;;;;;;;;;;;;;;;;;;;;;;;;1098.0
Equatorial Guinea;;2020;;;;;;;;;;;;;;;;;;;;;;;;;;;;;;;;;;86.0
Estonia;;2020;;;;;;;;;;;;;;;;;;;;;;;;;;;;;;;;;;235.0
Ethiopia;;2022;;;;;;;;;;;;;;;;;;;;;;;;;;;;;;;;;;601.0
Djibouti;;2022;;;;;;;;;;;;;;;;;;;;;;;;;;;;;;;;;;0.0
Ethiopia;;2021;;;;;;;;;;;;;;;;;;;;;;;;;;;;;;;;;;5014.0
Eswatini;;2020;;;;;;;;;;;;;;;;;;;;;;;;;;;;;;;;;;205.0
Equatorial Guinea;;2022;;;;;;;;;;;;;;;;;;;;;;;;;;;;;;;;;;8.0
Gibraltar;;2021;;;;;;;;;;;;;;;;;;;;;;;;;;;;;;;;;;93.0
Europe;;2022;;;;;;;;;;;;;;;;;;;;;;;;;;;;;;;;;;319957.0
Grenada;;2020;;;;;;;;;;;;;;;;;;;;;;;;;;;;;;;;;;
Finland;;2022;;;;;;;;;;;;;;;;;;;;;;;;;;;;;;;;;;2977.0
Gibraltar;;2020;;;;;;;;;;;;;;;;;;;;;;;;;;;;;;;;;;7.0
Gabon;;2021;;;;;;;;;;;;;;;;;;;;;;;;;;;;;;;;;;224.0
France;;2020;;;;;;;;;;;;;;;;;;;;;;;;;;;;;;;;;;65031.0
Guam;;2022;;;;;;;;;;;;;;;;;;;;;;;;;;;;;;;;;;
Germany;;2020;;;;;;;;;;;;;;;;;;;;;;;;;;;;;;;;;;33079.0
Faeroe Islands;;2020;;;;;;;;;;;;;;;;;;;;;;;;;;;;;;;;;;
Gambia;;2022;;;;;;;;;;;;;;;;;;;;;;;;;;;;;;;;;;22.0
Germany;;2021;;;;;;;;;;;;;;;;;;;;;;;;;;;;;;;;;;78854.0
Falkland Islands;;2022;;;;;;;;;;;;;;;;;;;;;;;;;;;;;;;;;;
Ghana;;2022;;;;;;;;;;;;;;;;;;;;;;;;;;;;;;;;;;155.0
Guatemala;;2020;;;;;;;;;;;;;;;;;;;;;;;;;;;;;;;;;;4813.0
Greece;;2022;;;;;;;;;;;;;;;;;;;;;;;;;;;;;;;;;;9486.0
Falkland Islands;;2021;;;;;;;;;;;;;;;;;;;;;;;;;;;;;;;;;;
French Polynesia;;2020;;;;;;;;;;;;;;;;;;;;;;;;;;;;;;;;;;114.0
Georgia;;2020;;;;;;;;;;;;;;;;;;;;;;;;;;;;;;;;;;2505.0
Grenada;;2021;;;;;;;;;;;;;;;;;;;;;;;;;;;;;;;;;;200.0
Gabon;;2020;;;;;;;;;;;;;;;;;;;;;;;;;;;;;;;;;;64.0
France;;2022;;;;;;;;;;;;;;;;;;;;;;;;;;;;;;;;;;25849.0
European Union;;2022;;;;;;;;;;;;;;;;;;;;;;;;;;;;;;;;;;196786.0
Finland;;2020;;;;;;;;;;;;;;;;;;;;;;;;;;;;;;;;;;592.0
Grenada;;2022;;;;;;;;;;;;;;;;;;;;;;;;;;;;;;;;;;32.0
European Union;;2020;;;;;;;;;;;;;;;;;;;;;;;;;;;;;;;;;;372654.0
Greece;;2021;;;;;;;;;;;;;;;;;;;;;;;;;;;;;;;;;;15952.0
Guam;;2021;;;;;;;;;;;;;;;;;;;;;;;;;;;;;;;;;;
Finland;;2021;;;;;;;;;;;;;;;;;;;;;;;;;;;;;;;;;;1122.0
French Polynesia;;2021;;;;;;;;;;;;;;;;;;;;;;;;;;;;;;;;;;522.0
Fiji;;2021;;;;;;;;;;;;;;;;;;;;;;;;;;;;;;;;;;698.0
Germany;;2022;;;;;;;;;;;;;;;;;;;;;;;;;;;;;;;;;;29380.0
Greenland;;2020;;;;;;;;;;;;;;;;;;;;;;;;;;;;;;;;;;
Ghana;;2020;;;;;;;;;;;;;;;;;;;;;;;;;;;;;;;;;;335.0
Gibraltar;;2022;;;;;;;;;;;;;;;;;;;;;;;;;;;;;;;;;;4.0
French Polynesia;;2022;;;;;;;;;;;;;;;;;;;;;;;;;;;;;;;;;;13.0
Greece;;2020;;;;;;;;;;;;;;;;;;;;;;;;;;;;;;;;;;4838.0
Gambia;;2020;;;;;;;;;;;;;;;;;;;;;;;;;;;;;;;;;;124.0
France;;2021;;;;;;;;;;;;;;;;;;;;;;;;;;;;;;;;;;59161.0
Georgia;;2021;;;;;;;;;;;;;;;;;;;;;;;;;;;;;;;;;;11295.0
Greenland;;2022;;;;;;;;;;;;;;;;;;;;;;;;;;;;;;;;;;21.0
Faeroe Islands;;2022;;;;;;;;;;;;;;;;;;;;;;;;;;;;;;;;;;14.0
Guam;;2020;;;;;;;;;;;;;;;;;;;;;;;;;;;;;;;;;;
European Union;;2021;;;;;;;;;;;;;;;;;;;;;;;;;;;;;;;;;;536310.0
Ghana;;2021;;;;;;;;;;;;;;;;;;;;;;;;;;;;;;;;;;960.0
Gabon;;2022;;;;;;;;;;;;;;;;;;;;;;;;;;;;;;;;;;17.0
Falkland Islands;;2020;;;;;;;;;;;;;;;;;;;;;;;;;;;;;;;;;;
Greenland;;2021;;;;;;;;;;;;;;;;;;;;;;;;;;;;;;;;;;1.0
Fiji;;2022;;;;;;;;;;;;;;;;;;;;;;;;;;;;;;;;;;168.0
Gambia;;2021;;;;;;;;;;;;;;;;;;;;;;;;;;;;;;;;;;219.0
Georgia;;2022;;;;;;;;;;;;;;;;;;;;;;;;;;;;;;;;;;3041.0
Faeroe Islands;;2021;;;;;;;;;;;;;;;;;;;;;;;;;;;;;;;;;;14.0
Fiji;;2020;;;;;;;;;;;;;;;;;;;;;;;;;;;;;;;;;;2.0
Guatemala;;2021;;;;;;;;;;;;;;;;;;;;;;;;;;;;;;;;;;11297.0
Hungary;;2020;;;;;;;;;;;;;;;;;;;;;;;;;;;;;;;;;;9537.0
Israel;;2020;;;;;;;;;;;;;;;;;;;;;;;;;;;;;;;;;;3325.0
Hungary;;2022;;;;;;;;;;;;;;;;;;;;;;;;;;;;;;;;;;7461.0
Haiti;;2020;;;;;;;;;;;;;;;;;;;;;;;;;;;;;;;;;;237.0
Hong Kong;;2020;;;;;;;;;;;;;;;;;;;;;;;;;;;;;;;;;;148.0
Iran;;2020;;;;;;;;;;;;;;;;;;;;;;;;;;;;;;;;;;55223.0
Isle of Man;;2021;;;;;;;;;;;;;;;;;;;;;;;;;;;;;;;;;;42.0
Indonesia;;2021;;;;;;;;;;;;;;;;;;;;;;;;;;;;;;;;;;121956.0
International;;2021;;;;;;;;;;;;;;;;;;;;;;;;;;;;;;;;;;0.0
Indonesia;;2022;;;;;;;;;;;;;;;;;;;;;;;;;;;;;;;;;;12651.0
Isle of Man;;2022;;;;;;;;;;;;;;;;;;;;;;;;;;;;;;;;;;41.0
Hungary;;2021;;;;;;;;;;;;;;;;;;;;;;;;;;;;;;;;;;29649.0
Iceland;;2020;;;;;;;;;;;;;;;;;;;;;;;;;;;;;;;;;;29.0
Israel;;2021;;;;;;;;;;;;;;;;;;;;;;;;;;;;;;;;;;4926.0
Guatemala;;2022;;;;;;;;;;;;;;;;;;;;;;;;;;;;;;;;;;2484.0
Guinea;;2021;;;;;;;;;;;;;;;;;;;;;;;;;;;;;;;;;;310.0
High income;;2021;;;;;;;;;;;;;;;;;;;;;;;;;;;;;;;;;;1110747.0
Iran;;2022;;;;;;;;;;;;;;;;;;;;;;;;;;;;;;;;;;9784.0
Hong Kong;;2022;;;;;;;;;;;;;;;;;;;;;;;;;;;;;;;;;;9192.0
Ireland;;2021;;;;;;;;;;;;;;;;;;;;;;;;;;;;;;;;;;3678.0
Guinea-Bissau;;2022;;;;;;;;;;;;;;;;;;;;;;;;;;;;;;;;;;22.0
Isle of Man;;2020;;;;;;;;;;;;;;;;;;;;;;;;;;;;;;;;;;25.0
Guinea;;2022;;;;;;;;;;;;;;;;;;;;;;;;;;;;;;;;;;52.0
Iran;;2021;;;;;;;;;;;;;;;;;;;;;;;;;;;;;;;;;;76383.0
Iceland;;2021;;;;;;;;;;;;;;;;;;;;;;;;;;;;;;;;;;8.0
International;;2022;;;;;;;;;;;;;;;;;;;;;;;;;;;;;;;;;;0.0
Guyana;;2020;;;;;;;;;;;;;;;;;;;;;;;;;;;;;;;;;;164.0
Guernsey;;2021;;;;;;;;;;;;;;;;;;;;;;;;;;;;;;;;;;
Guinea-Bissau;;2020;;;;;;;;;;;;;;;;;;;;;;;;;;;;;;;;;;45.0
Iraq;;2020;;;;;;;;;;;;;;;;;;;;;;;;;;;;;;;;;;12813.0
Hong Kong;;2021;;;;;;;;;;;;;;;;;;;;;;;;;;;;;;;;;;65.0
Indonesia;;2020;;;;;;;;;;;;;;;;;;;;;;;;;;;;;;;;;;22138.0
Guyana;;2021;;;;;;;;;;;;;;;;;;;;;;;;;;;;;;;;;;890.0
Iraq;;2021;;;;;;;;;;;;;;;;;;;;;;;;;;;;;;;;;;11345.0
India;;2021;;;;;;;;;;;;;;;;;;;;;;;;;;;;;;;;;;325118.0
Honduras;;2021;;;;;;;;;;;;;;;;;;;;;;;;;;;;;;;;;;7304.0
High income;;2020;;;;;;;;;;;;;;;;;;;;;;;;;;;;;;;;;;834183.0
Iraq;;2022;;;;;;;;;;;;;;;;;;;;;;;;;;;;;;;;;;1085.0
Guinea;;2020;;;;;;;;;;;;;;;;;;;;;;;;;;;;;;;;;;81.0
Haiti;;2022;;;;;;;;;;;;;;;;;;;;;;;;;;;;;;;;;;143.0
Guernsey;;2022;;;;;;;;;;;;;;;;;;;;;;;;;;;;;;;;;;
India;;2020;;;;;;;;;;;;;;;;;;;;;;;;;;;;;;;;;;148995.0
India;;2022;;;;;;;;;;;;;;;;;;;;;;;;;;;;;;;;;;43713.0
Honduras;;2020;;;;;;;;;;;;;;;;;;;;;;;;;;;;;;;;;;3130.0
Honduras;;2022;;;;;;;;;;;;;;;;;;;;;;;;;;;;;;;;;;566.0
International;;2020;;;;;;;;;;;;;;;;;;;;;;;;;;;;;;;;;;15.0
Ireland;;2022;;;;;;;;;;;;;;;;;;;;;;;;;;;;;;;;;;1587.0
Guinea-Bissau;;2021;;;;;;;;;;;;;;;;;;;;;;;;;;;;;;;;;;104.0
Haiti;;2021;;;;;;;;;;;;;;;;;;;;;;;;;;;;;;;;;;534.0
High income;;2022;;;;;;;;;;;;;;;;;;;;;;;;;;;;;;;;;;490395.0
Ireland;;2020;;;;;;;;;;;;;;;;;;;;;;;;;;;;;;;;;;2253.0
Guyana;;2022;;;;;;;;;;;;;;;;;;;;;;;;;;;;;;;;;;201.0
Iceland;;2022;;;;;;;;;;;;;;;;;;;;;;;;;;;;;;;;;;110.0
Kyrgyzstan;;2021;;;;;;;;;;;;;;;;;;;;;;;;;;;;;;;;;;1447.0
Kazakhstan;;2020;;;;;;;;;;;;;;;;;;;;;;;;;;;;;;;;;;2749.0
Libya;;2020;;;;;;;;;;;;;;;;;;;;;;;;;;;;;;;;;;1481.0
Lebanon;;2021;;;;;;;;;;;;;;;;;;;;;;;;;;;;;;;;;;7651.0
Laos;;2020;;;;;;;;;;;;;;;;;;;;;;;;;;;;;;;;;;
Latvia;;2020;;;;;;;;;;;;;;;;;;;;;;;;;;;;;;;;;;635.0
Jamaica;;2020;;;;;;;;;;;;;;;;;;;;;;;;;;;;;;;;;;302.0
Kuwait;;2022;;;;;;;;;;;;;;;;;;;;;;;;;;;;;;;;;;87.0
Latvia;;2021;;;;;;;;;;;;;;;;;;;;;;;;;;;;;;;;;;3935.0
Lesotho;;2020;;;;;;;;;;;;;;;;;;;;;;;;;;;;;;;;;;51.0
Jersey;;2021;;;;;;;;;;;;;;;;;;;;;;;;;;;;;;;;;;
Kuwait;;2021;;;;;;;;;;;;;;;;;;;;;;;;;;;;;;;;;;1534.0
Libya;;2021;;;;;;;;;;;;;;;;;;;;;;;;;;;;;;;;;;4232.0
Liberia;;2021;;;;;;;;;;;;;;;;;;;;;;;;;;;;;;;;;;204.0
Jamaica;;2021;;;;;;;;;;;;;;;;;;;;;;;;;;;;;;;;;;2171.0
Liechtenstein;;2020;;;;;;;;;;;;;;;;;;;;;;;;;;;;;;;;;;44.0
Jersey;;2022;;;;;;;;;;;;;;;;;;;;;;;;;;;;;;;;;;
Libya;;2022;;;;;;;;;;;;;;;;;;;;;;;;;;;;;;;;;;720.0
Lebanon;;2020;;;;;;;;;;;;;;;;;;;;;;;;;;;;;;;;;;1468.0
Kuwait;;2020;;;;;;;;;;;;;;;;;;;;;;;;;;;;;;;;;;934.0
Laos;;2022;;;;;;;;;;;;;;;;;;;;;;;;;;;;;;;;;;386.0
Japan;;2020;;;;;;;;;;;;;;;;;;;;;;;;;;;;;;;;;;3492.0
Jamaica;;2022;;;;;;;;;;;;;;;;;;;;;;;;;;;;;;;;;;661.0
Kazakhstan;;2022;;;;;;;;;;;;;;;;;;;;;;;;;;;;;;;;;;807.0
Italy;;2021;;;;;;;;;;;;;;;;;;;;;;;;;;;;;;;;;;63243.0
Israel;;2022;;;;;;;;;;;;;;;;;;;;;;;;;;;;;;;;;;2737.0
Kyrgyzstan;;2020;;;;;;;;;;;;;;;;;;;;;;;;;;;;;;;;;;1798.0
Laos;;2021;;;;;;;;;;;;;;;;;;;;;;;;;;;;;;;;;;372.0
Japan;;2021;;;;;;;;;;;;;;;;;;;;;;;;;;;;;;;;;;14897.0
Italy;;2022;;;;;;;;;;;;;;;;;;;;;;;;;;;;;;;;;;31086.0
Kiribati;;2021;;;;;;;;;;;;;;;;;;;;;;;;;;;;;;;;;;
Kyrgyzstan;;2022;;;;;;;;;;;;;;;;;;;;;;;;;;;;;;;;;;189.0
Latvia;;2022;;;;;;;;;;;;;;;;;;;;;;;;;;;;;;;;;;1297.0
Jordan;;2022;;;;;;;;;;;;;;;;;;;;;;;;;;;;;;;;;;1415.0
Kosovo;;2020;;;;;;;;;;;;;;;;;;;;;;;;;;;;;;;;;;1332.0
Kiribati;;2022;;;;;;;;;;;;;;;;;;;;;;;;;;;;;;;;;;13.0
Lesotho;;2021;;;;;;;;;;;;;;;;;;;;;;;;;;;;;;;;;;614.0
Kosovo;;2021;;;;;;;;;;;;;;;;;;;;;;;;;;;;;;;;;;1658.0
Lebanon;;2022;;;;;;;;;;;;;;;;;;;;;;;;;;;;;;;;;;1348.0
Liberia;;2022;;;;;;;;;;;;;;;;;;;;;;;;;;;;;;;;;;7.0
Lesotho;;2022;;;;;;;;;;;;;;;;;;;;;;;;;;;;;;;;;;34.0
Jordan;;2020;;;;;;;;;;;;;;;;;;;;;;;;;;;;;;;;;;3834.0
Jordan;;2021;;;;;;;;;;;;;;;;;;;;;;;;;;;;;;;;;;8819.0
Kenya;;2022;;;;;;;;;;;;;;;;;;;;;;;;;;;;;;;;;;277.0
Kosovo;;2022;;;;;;;;;;;;;;;;;;;;;;;;;;;;;;;;;;150.0
Liberia;;2020;;;;;;;;;;;;;;;;;;;;;;;;;;;;;;;;;;83.0
Kenya;;2021;;;;;;;;;;;;;;;;;;;;;;;;;;;;;;;;;;3708.0
Kazakhstan;;2021;;;;;;;;;;;;;;;;;;;;;;;;;;;;;;;;;;15743.0
Italy;;2020;;;;;;;;;;;;;;;;;;;;;;;;;;;;;;;;;;74190.0
Kenya;;2020;;;;;;;;;;;;;;;;;;;;;;;;;;;;;;;;;;1670.0
Japan;;2022;;;;;;;;;;;;;;;;;;;;;;;;;;;;;;;;;;12920.0
Lithuania;;2021;;;;;;;;;;;;;;;;;;;;;;;;;;;;;;;;;;5597.0
Mexico;;2021;;;;;;;;;;;;;;;;;;;;;;;;;;;;;;;;;;169349.0
Mauritius;;2021;;;;;;;;;;;;;;;;;;;;;;;;;;;;;;;;;;776.0
Micronesia (country);;2022;;;;;;;;;;;;;;;;;;;;;;;;;;;;;;;;;;
Macao;;2021;;;;;;;;;;;;;;;;;;;;;;;;;;;;;;;;;;
Malta;;2022;;;;;;;;;;;;;;;;;;;;;;;;;;;;;;;;;;271.0
Liechtenstein;;2022;;;;;;;;;;;;;;;;;;;;;;;;;;;;;;;;;;17.0
Malaysia;;2022;;;;;;;;;;;;;;;;;;;;;;;;;;;;;;;;;;4284.0
Luxembourg;;2021;;;;;;;;;;;;;;;;;;;;;;;;;;;;;;;;;;420.0
Marshall Islands;;2022;;;;;;;;;;;;;;;;;;;;;;;;;;;;;;;;;;
Malaysia;;2020;;;;;;;;;;;;;;;;;;;;;;;;;;;;;;;;;;471.0
Mauritania;;2021;;;;;;;;;;;;;;;;;;;;;;;;;;;;;;;;;;519.0
Maldives;;2022;;;;;;;;;;;;;;;;;;;;;;;;;;;;;;;;;;43.0
Maldives;;2020;;;;;;;;;;;;;;;;;;;;;;;;;;;;;;;;;;48.0
Malawi;;2020;;;;;;;;;;;;;;;;;;;;;;;;;;;;;;;;;;189.0
Madagascar;;2022;;;;;;;;;;;;;;;;;;;;;;;;;;;;;;;;;;371.0
Malaysia;;2021;;;;;;;;;;;;;;;;;;;;;;;;;;;;;;;;;;31016.0
Luxembourg;;2022;;;;;;;;;;;;;;;;;;;;;;;;;;;;;;;;;;179.0
Marshall Islands;;2020;;;;;;;;;;;;;;;;;;;;;;;;;;;;;;;;;;
Low income;;2021;;;;;;;;;;;;;;;;;;;;;;;;;;;;;;;;;;28698.0
Lithuania;;2020;;;;;;;;;;;;;;;;;;;;;;;;;;;;;;;;;;1800.0
Marshall Islands;;2021;;;;;;;;;;;;;;;;;;;;;;;;;;;;;;;;;;
Moldova;;2020;;;;;;;;;;;;;;;;;;;;;;;;;;;;;;;;;;2985.0
Micronesia (country);;2021;;;;;;;;;;;;;;;;;;;;;;;;;;;;;;;;;;
Mali;;2022;;;;;;;;;;;;;;;;;;;;;;;;;;;;;;;;;;77.0
Macao;;2022;;;;;;;;;;;;;;;;;;;;;;;;;;;;;;;;;;
Mauritania;;2022;;;;;;;;;;;;;;;;;;;;;;;;;;;;;;;;;;118.0
Mali;;2020;;;;;;;;;;;;;;;;;;;;;;;;;;;;;;;;;;269.0
Malta;;2020;;;;;;;;;;;;;;;;;;;;;;;;;;;;;;;;;;221.0
Maldives;;2021;;;;;;;;;;;;;;;;;;;;;;;;;;;;;;;;;;214.0
Low income;;2020;;;;;;;;;;;;;;;;;;;;;;;;;;;;;;;;;;9752.0
Malawi;;2022;;;;;;;;;;;;;;;;;;;;;;;;;;;;;;;;;;282.0
Mexico;;2020;;;;;;;;;;;;;;;;;;;;;;;;;;;;;;;;;;123018.0
Luxembourg;;2020;;;;;;;;;;;;;;;;;;;;;;;;;;;;;;;;;;497.0
Malawi;;2021;;;;;;;;;;;;;;;;;;;;;;;;;;;;;;;;;;2175.0
Macao;;2020;;;;;;;;;;;;;;;;;;;;;;;;;;;;;;;;;;
Mauritania;;2020;;;;;;;;;;;;;;;;;;;;;;;;;;;;;;;;;;347.0
Lower middle income;;2022;;;;;;;;;;;;;;;;;;;;;;;;;;;;;;;;;;116653.0
Malta;;2021;;;;;;;;;;;;;;;;;;;;;;;;;;;;;;;;;;257.0
Liechtenstein;;2021;;;;;;;;;;;;;;;;;;;;;;;;;;;;;;;;;;25.0
Mali;;2021;;;;;;;;;;;;;;;;;;;;;;;;;;;;;;;;;;391.0
Lithuania;;2022;;;;;;;;;;;;;;;;;;;;;;;;;;;;;;;;;;1779.0
Mexico;;2022;;;;;;;;;;;;;;;;;;;;;;;;;;;;;;;;;;26335.0
Lower middle income;;2021;;;;;;;;;;;;;;;;;;;;;;;;;;;;;;;;;;863632.0
Mauritius;;2022;;;;;;;;;;;;;;;;;;;;;;;;;;;;;;;;;;218.0
Mauritius;;2020;;;;;;;;;;;;;;;;;;;;;;;;;;;;;;;;;;10.0
Moldova;;2021;;;;;;;;;;;;;;;;;;;;;;;;;;;;;;;;;;6705.0
Madagascar;;2020;;;;;;;;;;;;;;;;;;;;;;;;;;;;;;;;;;261.0
Lower middle income;;2020;;;;;;;;;;;;;;;;;;;;;;;;;;;;;;;;;;324488.0
Low income;;2022;;;;;;;;;;;;;;;;;;;;;;;;;;;;;;;;;;4873.0
Madagascar;;2021;;;;;;;;;;;;;;;;;;;;;;;;;;;;;;;;;;766.0
Nicaragua;;2022;;;;;;;;;;;;;;;;;;;;;;;;;;;;;;;;;;26.0
Namibia;;2022;;;;;;;;;;;;;;;;;;;;;;;;;;;;;;;;;;431.0
Morocco;;2022;;;;;;;;;;;;;;;;;;;;;;;;;;;;;;;;;;1267.0
Montenegro;;2020;;;;;;;;;;;;;;;;;;;;;;;;;;;;;;;;;;682.0
Mongolia;;2022;;;;;;;;;;;;;;;;;;;;;;;;;;;;;;;;;;120.0
Montserrat;;2021;;;;;;;;;;;;;;;;;;;;;;;;;;;;;;;;;;0.0
Namibia;;2021;;;;;;;;;;;;;;;;;;;;;;;;;;;;;;;;;;3429.0
Niger;;2022;;;;;;;;;;;;;;;;;;;;;;;;;;;;;;;;;;35.0
Niger;;2021;;;;;;;;;;;;;;;;;;;;;;;;;;;;;;;;;;171.0
North Korea;;2022;;;;;;;;;;;;;;;;;;;;;;;;;;;;;;;;;;6.0
Netherlands;;2020;;;;;;;;;;;;;;;;;;;;;;;;;;;;;;;;;;11482.0
Niger;;2020;;;;;;;;;;;;;;;;;;;;;;;;;;;;;;;;;;104.0
New Zealand;;2022;;;;;;;;;;;;;;;;;;;;;;;;;;;;;;;;;;1454.0
Nigeria;;2021;;;;;;;;;;;;;;;;;;;;;;;;;;;;;;;;;;1741.0
North Korea;;2021;;;;;;;;;;;;;;;;;;;;;;;;;;;;;;;;;;
Nauru;;2022;;;;;;;;;;;;;;;;;;;;;;;;;;;;;;;;;;
New Caledonia;;2020;;;;;;;;;;;;;;;;;;;;;;;;;;;;;;;;;;
New Zealand;;2020;;;;;;;;;;;;;;;;;;;;;;;;;;;;;;;;;;25.0
Mozambique;;2021;;;;;;;;;;;;;;;;;;;;;;;;;;;;;;;;;;1874.0
Niue;;2021;;;;;;;;;;;;;;;;;;;;;;;;;;;;;;;;;;
North America;;2020;;;;;;;;;;;;;;;;;;;;;;;;;;;;;;;;;;510133.0
Monaco;;2022;;;;;;;;;;;;;;;;;;;;;;;;;;;;;;;;;;20.0
Montenegro;;2022;;;;;;;;;;;;;;;;;;;;;;;;;;;;;;;;;;318.0
Myanmar;;2022;;;;;;;;;;;;;;;;;;;;;;;;;;;;;;;;;;166.0
Mozambique;;2020;;;;;;;;;;;;;;;;;;;;;;;;;;;;;;;;;;166.0
Nigeria;;2020;;;;;;;;;;;;;;;;;;;;;;;;;;;;;;;;;;1290.0
Myanmar;;2021;;;;;;;;;;;;;;;;;;;;;;;;;;;;;;;;;;16587.0
Namibia;;2020;;;;;;;;;;;;;;;;;;;;;;;;;;;;;;;;;;205.0
Myanmar;;2020;;;;;;;;;;;;;;;;;;;;;;;;;;;;;;;;;;2682.0
North Korea;;2020;;;;;;;;;;;;;;;;;;;;;;;;;;;;;;;;;;
Morocco;;2021;;;;;;;;;;;;;;;;;;;;;;;;;;;;;;;;;;7461.0
New Zealand;;2021;;;;;;;;;;;;;;;;;;;;;;;;;;;;;;;;;;26.0
Mozambique;;2022;;;;;;;;;;;;;;;;;;;;;;;;;;;;;;;;;;206.0
New Caledonia;;2021;;;;;;;;;;;;;;;;;;;;;;;;;;;;;;;;;;281.0
Moldova;;2022;;;;;;;;;;;;;;;;;;;;;;;;;;;;;;;;;;1292.0
North America;;2021;;;;;;;;;;;;;;;;;;;;;;;;;;;;;;;;;;705722.0
Montserrat;;2022;;;;;;;;;;;;;;;;;;;;;;;;;;;;;;;;;;8.0
Nigeria;;2022;;;;;;;;;;;;;;;;;;;;;;;;;;;;;;;;;;118.0
Monaco;;2020;;;;;;;;;;;;;;;;;;;;;;;;;;;;;;;;;;6.0
Monaco;;2021;;;;;;;;;;;;;;;;;;;;;;;;;;;;;;;;;;35.0
North Macedonia;;2020;;;;;;;;;;;;;;;;;;;;;;;;;;;;;;;;;;2503.0
Netherlands;;2022;;;;;;;;;;;;;;;;;;;;;;;;;;;;;;;;;;1469.0
Nepal;;2021;;;;;;;;;;;;;;;;;;;;;;;;;;;;;;;;;;9738.0
North America;;2022;;;;;;;;;;;;;;;;;;;;;;;;;;;;;;;;;;238918.0
Mongolia;;2021;;;;;;;;;;;;;;;;;;;;;;;;;;;;;;;;;;2058.0
Nepal;;2020;;;;;;;;;;;;;;;;;;;;;;;;;;;;;;;;;;1856.0
Morocco;;2020;;;;;;;;;;;;;;;;;;;;;;;;;;;;;;;;;;7388.0
Mongolia;;2020;;;;;;;;;;;;;;;;;;;;;;;;;;;;;;;;;;1.0
Montenegro;;2021;;;;;;;;;;;;;;;;;;;;;;;;;;;;;;;;;;1730.0
Nauru;;2021;;;;;;;;;;;;;;;;;;;;;;;;;;;;;;;;;;
Netherlands;;2021;;;;;;;;;;;;;;;;;;;;;;;;;;;;;;;;;;9540.0
Nepal;;2022;;;;;;;;;;;;;;;;;;;;;;;;;;;;;;;;;;358.0
New Caledonia;;2022;;;;;;;;;;;;;;;;;;;;;;;;;;;;;;;;;;32.0
Niue;;2022;;;;;;;;;;;;;;;;;;;;;;;;;;;;;;;;;;
Nicaragua;;2020;;;;;;;;;;;;;;;;;;;;;;;;;;;;;;;;;;165.0
Montserrat;;2020;;;;;;;;;;;;;;;;;;;;;;;;;;;;;;;;;;1.0
Nicaragua;;2021;;;;;;;;;;;;;;;;;;;;;;;;;;;;;;;;;;52.0
North Macedonia;;2021;;;;;;;;;;;;;;;;;;;;;;;;;;;;;;;;;;5457.0
Paraguay;;2021;;;;;;;;;;;;;;;;;;;;;;;;;;;;;;;;;;14362.0
Qatar;;2020;;;;;;;;;;;;;;;;;;;;;;;;;;;;;;;;;;245.0
Qatar;;2022;;;;;;;;;;;;;;;;;;;;;;;;;;;;;;;;;;61.0
Panama;;2021;;;;;;;;;;;;;;;;;;;;;;;;;;;;;;;;;;3406.0
Puerto Rico;;2022;;;;;;;;;;;;;;;;;;;;;;;;;;;;;;;;;;
Oman;;2022;;;;;;;;;;;;;;;;;;;;;;;;;;;;;;;;;;144.0
Poland;;2022;;;;;;;;;;;;;;;;;;;;;;;;;;;;;;;;;;19381.0
Palau;;2021;;;;;;;;;;;;;;;;;;;;;;;;;;;;;;;;;;
Pakistan;;2021;;;;;;;;;;;;;;;;;;;;;;;;;;;;;;;;;;18757.0
Oceania;;2020;;;;;;;;;;;;;;;;;;;;;;;;;;;;;;;;;;1060.0
Palestine;;2022;;;;;;;;;;;;;;;;;;;;;;;;;;;;;;;;;;741.0
Puerto Rico;;2020;;;;;;;;;;;;;;;;;;;;;;;;;;;;;;;;;;
Norway;;2022;;;;;;;;;;;;;;;;;;;;;;;;;;;;;;;;;;1689.0
Northern Mariana Islands;;2020;;;;;;;;;;;;;;;;;;;;;;;;;;;;;;;;;;
Peru;;2021;;;;;;;;;;;;;;;;;;;;;;;;;;;;;;;;;;110329.0
Peru;;2020;;;;;;;;;;;;;;;;;;;;;;;;;;;;;;;;;;93070.0
Pakistan;;2020;;;;;;;;;;;;;;;;;;;;;;;;;;;;;;;;;;10176.0
Norway;;2020;;;;;;;;;;;;;;;;;;;;;;;;;;;;;;;;;;436.0
Portugal;;2020;;;;;;;;;;;;;;;;;;;;;;;;;;;;;;;;;;6906.0
Panama;;2022;;;;;;;;;;;;;;;;;;;;;;;;;;;;;;;;;;940.0
Portugal;;2022;;;;;;;;;;;;;;;;;;;;;;;;;;;;;;;;;;5194.0
Palestine;;2021;;;;;;;;;;;;;;;;;;;;;;;;;;;;;;;;;;3519.0
Papua New Guinea;;2022;;;;;;;;;;;;;;;;;;;;;;;;;;;;;;;;;;72.0
Papua New Guinea;;2021;;;;;;;;;;;;;;;;;;;;;;;;;;;;;;;;;;581.0
Oceania;;2021;;;;;;;;;;;;;;;;;;;;;;;;;;;;;;;;;;3462.0
Pitcairn;;2021;;;;;;;;;;;;;;;;;;;;;;;;;;;;;;;;;;
Poland;;2020;;;;;;;;;;;;;;;;;;;;;;;;;;;;;;;;;;28554.0
Philippines;;2022;;;;;;;;;;;;;;;;;;;;;;;;;;;;;;;;;;9080.0
Puerto Rico;;2021;;;;;;;;;;;;;;;;;;;;;;;;;;;;;;;;;;
Palau;;2022;;;;;;;;;;;;;;;;;;;;;;;;;;;;;;;;;;6.0
Northern Cyprus;;2021;;;;;;;;;;;;;;;;;;;;;;;;;;;;;;;;;;
Panama;;2020;;;;;;;;;;;;;;;;;;;;;;;;;;;;;;;;;;4022.0
Peru;;2022;;;;;;;;;;;;;;;;;;;;;;;;;;;;;;;;;;10882.0
Oman;;2020;;;;;;;;;;;;;;;;;;;;;;;;;;;;;;;;;;1499.0
Paraguay;;2020;;;;;;;;;;;;;;;;;;;;;;;;;;;;;;;;;;2262.0
Paraguay;;2022;;;;;;;;;;;;;;;;;;;;;;;;;;;;;;;;;;2339.0
Qatar;;2021;;;;;;;;;;;;;;;;;;;;;;;;;;;;;;;;;;373.0
Papua New Guinea;;2020;;;;;;;;;;;;;;;;;;;;;;;;;;;;;;;;;;9.0
Palestine;;2020;;;;;;;;;;;;;;;;;;;;;;;;;;;;;;;;;;1400.0
Poland;;2021;;;;;;;;;;;;;;;;;;;;;;;;;;;;;;;;;;68500.0
North Macedonia;;2022;;;;;;;;;;;;;;;;;;;;;;;;;;;;;;;;;;1367.0
Romania;;2021;;;;;;;;;;;;;;;;;;;;;;;;;;;;;;;;;;42985.0
Northern Mariana Islands;;2021;;;;;;;;;;;;;;;;;;;;;;;;;;;;;;;;;;
Philippines;;2020;;;;;;;;;;;;;;;;;;;;;;;;;;;;;;;;;;9246.0
Oceania;;2022;;;;;;;;;;;;;;;;;;;;;;;;;;;;;;;;;;9734.0
Norway;;2021;;;;;;;;;;;;;;;;;;;;;;;;;;;;;;;;;;871.0
Romania;;2020;;;;;;;;;;;;;;;;;;;;;;;;;;;;;;;;;;15767.0
Pakistan;;2022;;;;;;;;;;;;;;;;;;;;;;;;;;;;;;;;;;1468.0
Portugal;;2021;;;;;;;;;;;;;;;;;;;;;;;;;;;;;;;;;;12049.0
Oman;;2021;;;;;;;;;;;;;;;;;;;;;;;;;;;;;;;;;;2617.0
Philippines;;2021;;;;;;;;;;;;;;;;;;;;;;;;;;;;;;;;;;42260.0
Saint Kitts and Nevis;;2021;;;;;;;;;;;;;;;;;;;;;;;;;;;;;;;;;;28.0
Slovakia;;2022;;;;;;;;;;;;;;;;;;;;;;;;;;;;;;;;;;3512.0
Saint Pierre and Miquelon;;2021;;;;;;;;;;;;;;;;;;;;;;;;;;;;;;;;;;
Saint Kitts and Nevis;;2022;;;;;;;;;;;;;;;;;;;;;;;;;;;;;;;;;;15.0
Russia;;2021;;;;;;;;;;;;;;;;;;;;;;;;;;;;;;;;;;246400.0
Sao Tome and Principe;;2020;;;;;;;;;;;;;;;;;;;;;;;;;;;;;;;;;;17.0
Russia;;2022;;;;;;;;;;;;;;;;;;;;;;;;;;;;;;;;;;70834.0
Saint Kitts and Nevis;;2020;;;;;;;;;;;;;;;;;;;;;;;;;;;;;;;;;;
Sint Maarten (Dutch part);;2022;;;;;;;;;;;;;;;;;;;;;;;;;;;;;;;;;;
Sierra Leone;;2022;;;;;;;;;;;;;;;;;;;;;;;;;;;;;;;;;;2.0
Samoa;;2020;;;;;;;;;;;;;;;;;;;;;;;;;;;;;;;;;;
Slovenia;;2020;;;;;;;;;;;;;;;;;;;;;;;;;;;;;;;;;;2697.0
Saint Pierre and Miquelon;;2022;;;;;;;;;;;;;;;;;;;;;;;;;;;;;;;;;;1.0
Saint Lucia;;2020;;;;;;;;;;;;;;;;;;;;;;;;;;;;;;;;;;5.0
Russia;;2020;;;;;;;;;;;;;;;;;;;;;;;;;;;;;;;;;;56271.0
Saint Lucia;;2022;;;;;;;;;;;;;;;;;;;;;;;;;;;;;;;;;;88.0
Saint Helena;;2022;;;;;;;;;;;;;;;;;;;;;;;;;;;;;;;;;;
Sao Tome and Principe;;2022;;;;;;;;;;;;;;;;;;;;;;;;;;;;;;;;;;16.0
Seychelles;;2020;;;;;;;;;;;;;;;;;;;;;;;;;;;;;;;;;;
Sierra Leone;;2021;;;;;;;;;;;;;;;;;;;;;;;;;;;;;;;;;;47.0
Seychelles;;2022;;;;;;;;;;;;;;;;;;;;;;;;;;;;;;;;;;33.0
Singapore;;2021;;;;;;;;;;;;;;;;;;;;;;;;;;;;;;;;;;799.0
Saint Pierre and Miquelon;;2020;;;;;;;;;;;;;;;;;;;;;;;;;;;;;;;;;;
Samoa;;2022;;;;;;;;;;;;;;;;;;;;;;;;;;;;;;;;;;29.0
San Marino;;2020;;;;;;;;;;;;;;;;;;;;;;;;;;;;;;;;;;59.0
Singapore;;2022;;;;;;;;;;;;;;;;;;;;;;;;;;;;;;;;;;588.0
Sierra Leone;;2020;;;;;;;;;;;;;;;;;;;;;;;;;;;;;;;;;;76.0
Sint Maarten (Dutch part);;2021;;;;;;;;;;;;;;;;;;;;;;;;;;;;;;;;;;
Slovenia;;2021;;;;;;;;;;;;;;;;;;;;;;;;;;;;;;;;;;2892.0
Saint Lucia;;2021;;;;;;;;;;;;;;;;;;;;;;;;;;;;;;;;;;290.0
Serbia;;2020;;;;;;;;;;;;;;;;;;;;;;;;;;;;;;;;;;3214.0
Saint Vincent and the Grenadines;;2021;;;;;;;;;;;;;;;;;;;;;;;;;;;;;;;;;;81.0
Saint Vincent and the Grenadines;;2022;;;;;;;;;;;;;;;;;;;;;;;;;;;;;;;;;;31.0
Slovakia;;2021;;;;;;;;;;;;;;;;;;;;;;;;;;;;;;;;;;14497.0
Saudi Arabia;;2021;;;;;;;;;;;;;;;;;;;;;;;;;;;;;;;;;;2654.0
Senegal;;2022;;;;;;;;;;;;;;;;;;;;;;;;;;;;;;;;;;103.0
Serbia;;2022;;;;;;;;;;;;;;;;;;;;;;;;;;;;;;;;;;3415.0
Singapore;;2020;;;;;;;;;;;;;;;;;;;;;;;;;;;;;;;;;;29.0
Rwanda;;2021;;;;;;;;;;;;;;;;;;;;;;;;;;;;;;;;;;1258.0
Rwanda;;2020;;;;;;;;;;;;;;;;;;;;;;;;;;;;;;;;;;92.0
San Marino;;2022;;;;;;;;;;;;;;;;;;;;;;;;;;;;;;;;;;15.0
Rwanda;;2022;;;;;;;;;;;;;;;;;;;;;;;;;;;;;;;;;;110.0
Saint Helena;;2021;;;;;;;;;;;;;;;;;;;;;;;;;;;;;;;;;;
Saudi Arabia;;2020;;;;;;;;;;;;;;;;;;;;;;;;;;;;;;;;;;6223.0
Saudi Arabia;;2022;;;;;;;;;;;;;;;;;;;;;;;;;;;;;;;;;;334.0
Sao Tome and Principe;;2021;;;;;;;;;;;;;;;;;;;;;;;;;;;;;;;;;;44.0
Senegal;;2021;;;;;;;;;;;;;;;;;;;;;;;;;;;;;;;;;;1480.0
San Marino;;2021;;;;;;;;;;;;;;;;;;;;;;;;;;;;;;;;;;41.0
Senegal;;2020;;;;;;;;;;;;;;;;;;;;;;;;;;;;;;;;;;410.0
Slovakia;;2020;;;;;;;;;;;;;;;;;;;;;;;;;;;;;;;;;;2138.0
Serbia;;2021;;;;;;;;;;;;;;;;;;;;;;;;;;;;;;;;;;9503.0
Saint Helena;;2020;;;;;;;;;;;;;;;;;;;;;;;;;;;;;;;;;;
Romania;;2022;;;;;;;;;;;;;;;;;;;;;;;;;;;;;;;;;;6987.0
Seychelles;;2021;;;;;;;;;;;;;;;;;;;;;;;;;;;;;;;;;;134.0
Saint Vincent and the Grenadines;;2020;;;;;;;;;;;;;;;;;;;;;;;;;;;;;;;;;;
Samoa;;2021;;;;;;;;;;;;;;;;;;;;;;;;;;;;;;;;;;
South America;;2020;;;;;;;;;;;;;;;;;;;;;;;;;;;;;;;;;;413261.0
Solomon Islands;;2021;;;;;;;;;;;;;;;;;;;;;;;;;;;;;;;;;;
South Africa;;2022;;;;;;;;;;;;;;;;;;;;;;;;;;;;;;;;;;10341.0
Tanzania;;2020;;;;;;;;;;;;;;;;;;;;;;;;;;;;;;;;;;21.0
South Korea;;2022;;;;;;;;;;;;;;;;;;;;;;;;;;;;;;;;;;18945.0
Sweden;;2020;;;;;;;;;;;;;;;;;;;;;;;;;;;;;;;;;;8979.0
Suriname;;2020;;;;;;;;;;;;;;;;;;;;;;;;;;;;;;;;;;122.0
South Korea;;2020;;;;;;;;;;;;;;;;;;;;;;;;;;;;;;;;;;917.0
South America;;2022;;;;;;;;;;;;;;;;;;;;;;;;;;;;;;;;;;102126.0
Somalia;;2022;;;;;;;;;;;;;;;;;;;;;;;;;;;;;;;;;;28.0
Tajikistan;;2020;;;;;;;;;;;;;;;;;;;;;;;;;;;;;;;;;;90.0
Switzerland;;2021;;;;;;;;;;;;;;;;;;;;;;;;;;;;;;;;;;4451.0
Tanzania;;2022;;;;;;;;;;;;;;;;;;;;;;;;;;;;;;;;;;104.0
Switzerland;;2022;;;;;;;;;;;;;;;;;;;;;;;;;;;;;;;;;;1660.0
Slovenia;;2022;;;;;;;;;;;;;;;;;;;;;;;;;;;;;;;;;;1063.0
Switzerland;;2020;;;;;;;;;;;;;;;;;;;;;;;;;;;;;;;;;;7873.0
Spain;;2020;;;;;;;;;;;;;;;;;;;;;;;;;;;;;;;;;;51578.0
Tanzania;;2021;;;;;;;;;;;;;;;;;;;;;;;;;;;;;;;;;;716.0
South Sudan;;2020;;;;;;;;;;;;;;;;;;;;;;;;;;;;;;;;;;63.0
Taiwan;;2021;;;;;;;;;;;;;;;;;;;;;;;;;;;;;;;;;;843.0
Tajikistan;;2022;;;;;;;;;;;;;;;;;;;;;;;;;;;;;;;;;;0.0
South Africa;;2021;;;;;;;;;;;;;;;;;;;;;;;;;;;;;;;;;;62676.0
Sweden;;2022;;;;;;;;;;;;;;;;;;;;;;;;;;;;;;;;;;3814.0
Sudan;;2022;;;;;;;;;;;;;;;;;;;;;;;;;;;;;;;;;;1620.0
Taiwan;;2020;;;;;;;;;;;;;;;;;;;;;;;;;;;;;;;;;;7.0
Sudan;;2020;;;;;;;;;;;;;;;;;;;;;;;;;;;;;;;;;;1468.0
Sri Lanka;;2020;;;;;;;;;;;;;;;;;;;;;;;;;;;;;;;;;;204.0
Sudan;;2021;;;;;;;;;;;;;;;;;;;;;;;;;;;;;;;;;;1863.0
Suriname;;2022;;;;;;;;;;;;;;;;;;;;;;;;;;;;;;;;;;180.0
South Korea;;2021;;;;;;;;;;;;;;;;;;;;;;;;;;;;;;;;;;4708.0
South Africa;;2020;;;;;;;;;;;;;;;;;;;;;;;;;;;;;;;;;;28469.0
Spain;;2021;;;;;;;;;;;;;;;;;;;;;;;;;;;;;;;;;;38568.0
Spain;;2022;;;;;;;;;;;;;;;;;;;;;;;;;;;;;;;;;;18885.0
Syria;;2022;;;;;;;;;;;;;;;;;;;;;;;;;;;;;;;;;;253.0
Solomon Islands;;2020;;;;;;;;;;;;;;;;;;;;;;;;;;;;;;;;;;
Solomon Islands;;2022;;;;;;;;;;;;;;;;;;;;;;;;;;;;;;;;;;154.0
Somalia;;2020;;;;;;;;;;;;;;;;;;;;;;;;;;;;;;;;;;131.0
South America;;2021;;;;;;;;;;;;;;;;;;;;;;;;;;;;;;;;;;765948.0
Thailand;;2020;;;;;;;;;;;;;;;;;;;;;;;;;;;;;;;;;;61.0
Thailand;;2021;;;;;;;;;;;;;;;;;;;;;;;;;;;;;;;;;;21639.0
Somalia;;2021;;;;;;;;;;;;;;;;;;;;;;;;;;;;;;;;;;1203.0
Syria;;2020;;;;;;;;;;;;;;;;;;;;;;;;;;;;;;;;;;711.0
Sri Lanka;;2021;;;;;;;;;;;;;;;;;;;;;;;;;;;;;;;;;;14775.0
Sri Lanka;;2022;;;;;;;;;;;;;;;;;;;;;;;;;;;;;;;;;;1542.0
Sweden;;2021;;;;;;;;;;;;;;;;;;;;;;;;;;;;;;;;;;6587.0
South Sudan;;2021;;;;;;;;;;;;;;;;;;;;;;;;;;;;;;;;;;72.0
Syria;;2021;;;;;;;;;;;;;;;;;;;;;;;;;;;;;;;;;;2186.0
South Sudan;;2022;;;;;;;;;;;;;;;;;;;;;;;;;;;;;;;;;;3.0
Suriname;;2021;;;;;;;;;;;;;;;;;;;;;;;;;;;;;;;;;;1067.0
Tajikistan;;2021;;;;;;;;;;;;;;;;;;;;;;;;;;;;;;;;;;35.0
Taiwan;;2022;;;;;;;;;;;;;;;;;;;;;;;;;;;;;;;;;;6018.0
Tuvalu;;2022;;;;;;;;;;;;;;;;;;;;;;;;;;;;;;;;;;
Timor;;2022;;;;;;;;;;;;;;;;;;;;;;;;;;;;;;;;;;11.0
Trinidad and Tobago;;2022;;;;;;;;;;;;;;;;;;;;;;;;;;;;;;;;;;1144.0
United States;;2022;;;;;;;;;;;;;;;;;;;;;;;;;;;;;;;;;;192121.0
Ukraine;;2020;;;;;;;;;;;;;;;;;;;;;;;;;;;;;;;;;;19281.0
Togo;;2021;;;;;;;;;;;;;;;;;;;;;;;;;;;;;;;;;;180.0
Turks and Caicos Islands;;2021;;;;;;;;;;;;;;;;;;;;;;;;;;;;;;;;;;20.0
United States Virgin Islands;;2022;;;;;;;;;;;;;;;;;;;;;;;;;;;;;;;;;;
Upper middle income;;2020;;;;;;;;;;;;;;;;;;;;;;;;;;;;;;;;;;706246.0
Uganda;;2020;;;;;;;;;;;;;;;;;;;;;;;;;;;;;;;;;;251.0
United States;;2020;;;;;;;;;;;;;;;;;;;;;;;;;;;;;;;;;;351039.0
Timor;;2021;;;;;;;;;;;;;;;;;;;;;;;;;;;;;;;;;;122.0
Tunisia;;2021;;;;;;;;;;;;;;;;;;;;;;;;;;;;;;;;;;20893.0
Uzbekistan;;2020;;;;;;;;;;;;;;;;;;;;;;;;;;;;;;;;;;614.0
Turkey;;2022;;;;;;;;;;;;;;;;;;;;;;;;;;;;;;;;;;16671.0
United Arab Emirates;;2021;;;;;;;;;;;;;;;;;;;;;;;;;;;;;;;;;;1495.0
Uruguay;;2021;;;;;;;;;;;;;;;;;;;;;;;;;;;;;;;;;;5989.0
Trinidad and Tobago;;2021;;;;;;;;;;;;;;;;;;;;;;;;;;;;;;;;;;2742.0
Turks and Caicos Islands;;2022;;;;;;;;;;;;;;;;;;;;;;;;;;;;;;;;;;10.0
United Arab Emirates;;2022;;;;;;;;;;;;;;;;;;;;;;;;;;;;;;;;;;153.0
United Kingdom;;2020;;;;;;;;;;;;;;;;;;;;;;;;;;;;;;;;;;73569.0
United States Virgin Islands;;2021;;;;;;;;;;;;;;;;;;;;;;;;;;;;;;;;;;
United Arab Emirates;;2020;;;;;;;;;;;;;;;;;;;;;;;;;;;;;;;;;;669.0
Tonga;;2022;;;;;;;;;;;;;;;;;;;;;;;;;;;;;;;;;;12.0
Uganda;;2022;;;;;;;;;;;;;;;;;;;;;;;;;;;;;;;;;;327.0
United States;;2021;;;;;;;;;;;;;;;;;;;;;;;;;;;;;;;;;;474887.0
Uruguay;;2022;;;;;;;;;;;;;;;;;;;;;;;;;;;;;;;;;;1161.0
Tokelau;;2021;;;;;;;;;;;;;;;;;;;;;;;;;;;;;;;;;;
Ukraine;;2021;;;;;;;;;;;;;;;;;;;;;;;;;;;;;;;;;;82807.0
Upper middle income;;2022;;;;;;;;;;;;;;;;;;;;;;;;;;;;;;;;;;270034.0
Trinidad and Tobago;;2020;;;;;;;;;;;;;;;;;;;;;;;;;;;;;;;;;;127.0
Togo;;2020;;;;;;;;;;;;;;;;;;;;;;;;;;;;;;;;;;68.0
Turkmenistan;;2022;;;;;;;;;;;;;;;;;;;;;;;;;;;;;;;;;;
Thailand;;2022;;;;;;;;;;;;;;;;;;;;;;;;;;;;;;;;;;9002.0
Ukraine;;2022;;;;;;;;;;;;;;;;;;;;;;;;;;;;;;;;;;10371.0
Timor;;2020;;;;;;;;;;;;;;;;;;;;;;;;;;;;;;;;;;
Tuvalu;;2021;;;;;;;;;;;;;;;;;;;;;;;;;;;;;;;;;;
United Kingdom;;2022;;;;;;;;;;;;;;;;;;;;;;;;;;;;;;;;;;27791.0
Turks and Caicos Islands;;2020;;;;;;;;;;;;;;;;;;;;;;;;;;;;;;;;;;6.0
United Kingdom;;2021;;;;;;;;;;;;;;;;;;;;;;;;;;;;;;;;;;75168.0
Tonga;;2021;;;;;;;;;;;;;;;;;;;;;;;;;;;;;;;;;;
Uganda;;2021;;;;;;;;;;;;;;;;;;;;;;;;;;;;;;;;;;3049.0
United States Virgin Islands;;2020;;;;;;;;;;;;;;;;;;;;;;;;;;;;;;;;;;
Tunisia;;2022;;;;;;;;;;;;;;;;;;;;;;;;;;;;;;;;;;3126.0
Uruguay;;2020;;;;;;;;;;;;;;;;;;;;;;;;;;;;;;;;;;181.0
Turkey;;2021;;;;;;;;;;;;;;;;;;;;;;;;;;;;;;;;;;61480.0
Togo;;2022;;;;;;;;;;;;;;;;;;;;;;;;;;;;;;;;;;27.0
Turkey;;2020;;;;;;;;;;;;;;;;;;;;;;;;;;;;;;;;;;20881.0
Upper middle income;;2021;;;;;;;;;;;;;;;;;;;;;;;;;;;;;;;;;;1536753.0
Tunisia;;2020;;;;;;;;;;;;;;;;;;;;;;;;;;;;;;;;;;4676.0
Turkmenistan;;2021;;;;;;;;;;;;;;;;;;;;;;;;;;;;;;;;;;
Venezuela;;2021;;;;;;;;;;;;;;;;;;;;;;;;;;;;;;;;;;4300.0
Vietnam;;2022;;;;;;;;;;;;;;;;;;;;;;;;;;;;;;;;;;10877.0
Vatican;;2022;;;;;;;;;;;;;;;;;;;;;;;;;;;;;;;;;;
World;;2021;;;;;;;;;;;;;;;;;;;;;;;;;;;;;;;;;;3539865.0
Uzbekistan;;2021;;;;;;;;;;;;;;;;;;;;;;;;;;;;;;;;;;871.0
Vietnam;;2020;;;;;;;;;;;;;;;;;;;;;;;;;;;;;;;;;;36.0
Yemen;;2022;;;;;;;;;;;;;;;;;;;;;;;;;;;;;;;;;;165.0
Vatican;;2020;;;;;;;;;;;;;;;;;;;;;;;;;;;;;;;;;;
Wallis and Futuna;;2021;;;;;;;;;;;;;;;;;;;;;;;;;;;;;;;;;;7.0
Yemen;;2020;;;;;;;;;;;;;;;;;;;;;;;;;;;;;;;;;;610.0
Zimbabwe;;2021;;;;;;;;;;;;;;;;;;;;;;;;;;;;;;;;;;4641.0
Vietnam;;2021;;;;;;;;;;;;;;;;;;;;;;;;;;;;;;;;;;32359.0
Uzbekistan;;2022;;;;;;;;;;;;;;;;;;;;;;;;;;;;;;;;;;152.0
Zambia;;2021;;;;;;;;;;;;;;;;;;;;;;;;;;;;;;;;;;3346.0
Zambia;;2022;;;;;;;;;;;;;;;;;;;;;;;;;;;;;;;;;;272.0
Western Sahara;;2022;;;;;;;;;;;;;;;;;;;;;;;;;;;;;;;;;;
Wallis and Futuna;;2022;;;;;;;;;;;;;;;;;;;;;;;;;;;;;;;;;;0.0
Vanuatu;;2021;;;;;;;;;;;;;;;;;;;;;;;;;;;;;;;;;;1.0
Wallis and Futuna;;2020;;;;;;;;;;;;;;;;;;;;;;;;;;;;;;;;;;
Venezuela;;2020;;;;;;;;;;;;;;;;;;;;;;;;;;;;;;;;;;1034.0
World;;2020;;;;;;;;;;;;;;;;;;;;;;;;;;;;;;;;;;1874688.0
Zimbabwe;;2020;;;;;;;;;;;;;;;;;;;;;;;;;;;;;;;;;;363.0
Venezuela;;2022;;;;;;;;;;;;;;;;;;;;;;;;;;;;;;;;;;407.0
Zimbabwe;;2022;;;;;;;;;;;;;;;;;;;;;;;;;;;;;;;;;;551.0
Vatican;;2021;;;;;;;;;;;;;;;;;;;;;;;;;;;;;;;;;;
Vanuatu;;2020;;;;;;;;;;;;;;;;;;;;;;;;;;;;;;;;;;
Yemen;;2021;;;;;;;;;;;;;;;;;;;;;;;;;;;;;;;;;;1374.0
Zambia;;2020;;;;;;;;;;;;;;;;;;;;;;;;;;;;;;;;;;388.0
Vanuatu;;2022;;;;;;;;;;;;;;;;;;;;;;;;;;;;;;;;;;13.0
World;;2022;;;;;;;;;;;;;;;;;;;;;;;;;;;;;;;;;;881983.0
